{"cameraMode":{"drawMode":0,"name":"Shaded","section":"Shading Mode"},"sceneLighting":true,"audioPlay":false,"sceneViewState":{"m_AlwaysRefresh":false,"showFog":true,"showSkybox":true,"showFlares":true,"showImageEffects":true,"showParticleSystems":true,"showVisualEffectGraphs":true,"m_FxEnabled":true},"in2DMode":false,"pivot":{"x":-0.0572650320827961,"y":0.46038180589675906,"z":-0.28507664799690249},"rotation":{"x":-0.11471869051456452,"y":0.7641134858131409,"z":-0.14165940880775453,"w":-0.6187955141067505},"size":9.853409767150879,"orthographic":false}